version,page_size,run,latency_ms,sql_queries
naive,10,0,20.180940628051758,11
naive,10,1,17.45772361755371,11
naive,10,2,10.081291198730469,11
naive,10,3,15.735387802124023,11
naive,10,4,15.992879867553711,11
naive,10,5,5.141019821166992,11
naive,10,6,13.668060302734375,11
naive,10,7,16.919374465942383,11
naive,10,8,13.016939163208008,11
naive,10,9,5.192041397094727,11
naive,10,10,11.071920394897461,11
naive,10,11,14.397859573364258,11
naive,10,12,16.81971549987793,11
naive,10,13,14.748573303222656,11
naive,10,14,15.735149383544922,11
naive,10,15,15.988349914550781,11
naive,10,16,0.0,11
naive,10,17,15.730619430541992,11
naive,10,18,15.726566314697266,11
naive,10,19,16.79515838623047,11
naive,10,20,14.735698699951172,11
naive,10,21,20.631074905395508,11
naive,10,22,11.898279190063477,11
naive,10,23,14.400243759155273,11
naive,10,24,0.0,11
naive,10,25,17.01068878173828,11
naive,10,26,19.51146125793457,11
naive,10,27,10.125875473022461,11
naive,10,28,2.9327869415283203,11
naive,10,29,12.778282165527344,11
naive,50,0,47.04427719116211,51
naive,50,1,37.47892379760742,51
naive,50,2,42.05822944641113,51
naive,50,3,31.68034553527832,51
naive,50,4,33.02288055419922,51
naive,50,5,46.94771766662598,51
naive,50,6,33.53285789489746,51
naive,50,7,46.18358612060547,51
naive,50,8,31.369686126708984,51
naive,50,9,47.080039978027344,51
naive,50,10,31.681299209594727,51
naive,50,11,32.480716705322266,51
naive,50,12,48.53963851928711,51
naive,50,13,29.712438583374023,51
naive,50,14,47.56355285644531,51
naive,50,15,34.1641902923584,51
naive,50,16,34.27433967590332,51
naive,50,17,42.104482650756836,51
naive,50,18,32.03129768371582,51
naive,50,19,47.608137130737305,51
naive,50,20,41.62263870239258,51
naive,50,21,38.18559646606445,51
naive,50,22,32.155513763427734,51
naive,50,23,39.00551795959473,51
naive,50,24,40.090084075927734,51
naive,50,25,32.52768516540527,51
naive,50,26,46.5846061706543,51
naive,50,27,32.81211853027344,51
naive,50,28,48.15673828125,51
naive,50,29,31.214475631713867,51
naive,200,0,141.3567066192627,201
naive,200,1,142.0600414276123,201
naive,200,2,128.27277183532715,201
naive,200,3,142.2595977783203,201
naive,200,4,127.52532958984375,201
naive,200,5,141.88337326049805,201
naive,200,6,127.84600257873535,201
naive,200,7,126.70111656188965,201
naive,200,8,143.22304725646973,201
naive,200,9,126.74856185913086,201
naive,200,10,126.71160697937012,201
naive,200,11,126.11269950866699,201
naive,200,12,127.11787223815918,201
naive,200,13,132.51543045043945,201
naive,200,14,138.5183334350586,201
naive,200,15,111.3896369934082,201
naive,200,16,135.6360912322998,201
naive,200,17,134.62448120117188,201
naive,200,18,126.08814239501953,201
naive,200,19,139.2807960510254,201
naive,200,20,111.98091506958008,201
naive,200,21,132.94482231140137,201
naive,200,22,147.9661464691162,201
naive,200,23,116.68872833251953,201
naive,200,24,125.3652572631836,201
naive,200,25,142.5004005432129,201
naive,200,26,125.98037719726562,201
naive,200,27,149.97529983520508,201
naive,200,28,152.0678997039795,201
naive,200,29,147.28236198425293,201
fixed,10,0,10.739803314208984,1
fixed,10,1,6.7806243896484375,1
fixed,10,2,7.696866989135742,1
fixed,10,3,5.296230316162109,1
fixed,10,4,10.68735122680664,1
fixed,10,5,6.265401840209961,1
fixed,10,6,7.994890213012695,1
fixed,10,7,1.749277114868164,1
fixed,10,8,0.0,1
fixed,10,9,0.0,1
fixed,10,10,17.070293426513672,1
fixed,10,11,0.0,1
fixed,10,12,0.0,1
fixed,10,13,14.629840850830078,1
fixed,10,14,0.0,1
fixed,10,15,16.00480079650879,1
fixed,10,16,0.0,1
fixed,10,17,9.740591049194336,1
fixed,10,18,7.239818572998047,1
fixed,10,19,0.0,1
fixed,10,20,14.58883285522461,1
fixed,10,21,2.428770065307617,1
fixed,10,22,0.0,1
fixed,10,23,14.651060104370117,1
fixed,10,24,0.0,1
fixed,10,25,14.786243438720703,1
fixed,10,26,4.603385925292969,1
fixed,10,27,0.0,1
fixed,10,28,11.17849349975586,1
fixed,10,29,0.0,1
fixed,50,0,0.0,1
fixed,50,1,15.858888626098633,1
fixed,50,2,12.92872428894043,1
fixed,50,3,4.268646240234375,1
fixed,50,4,7.556676864624023,1
fixed,50,5,6.268978118896484,1
fixed,50,6,0.0,1
fixed,50,7,17.26078987121582,1
fixed,50,8,7.226705551147461,1
fixed,50,9,8.524179458618164,1
fixed,50,10,0.0,1
fixed,50,11,15.7318115234375,1
fixed,50,12,4.4651031494140625,1
fixed,50,13,10.503292083740234,1
fixed,50,14,5.969047546386719,1
fixed,50,15,7.384061813354492,1
fixed,50,16,3.6389827728271484,1
fixed,50,17,0.0,1
fixed,50,18,15.963554382324219,1
fixed,50,19,0.0,1
fixed,50,20,16.00170135498047,1
fixed,50,21,0.0,1
fixed,50,22,14.40572738647461,1
fixed,50,23,1.1837482452392578,1
fixed,50,24,0.0,1
fixed,50,25,14.746904373168945,1
fixed,50,26,0.0,1
fixed,50,27,15.727519989013672,1
fixed,50,28,0.0,1
fixed,50,29,18.657207489013672,1
fixed,200,0,0.0,1
fixed,200,1,12.129545211791992,1
fixed,200,2,3.700733184814453,1
fixed,200,3,51.92971229553223,1
fixed,200,4,17.362117767333984,1
fixed,200,5,17.55809783935547,1
fixed,200,6,9.289741516113281,1
fixed,200,7,15.611648559570312,1
fixed,200,8,16.127347946166992,1
fixed,200,9,15.972614288330078,1
fixed,200,10,14.96267318725586,1
fixed,200,11,17.32492446899414,1
fixed,200,12,16.035079956054688,1
fixed,200,13,14.578819274902344,1
fixed,200,14,16.094207763671875,1
fixed,200,15,12.35198974609375,1
fixed,200,16,4.458189010620117,1
fixed,200,17,14.67585563659668,1
fixed,200,18,21.831274032592773,1
fixed,200,19,15.775918960571289,1
fixed,200,20,11.202096939086914,1
fixed,200,21,15.93637466430664,1
fixed,200,22,21.124601364135742,1
fixed,200,23,8.65626335144043,1
fixed,200,24,14.819622039794922,1
fixed,200,25,17.7459716796875,1
fixed,200,26,17.46654510498047,1
fixed,200,27,12.468814849853516,1
fixed,200,28,15.708208084106445,1
fixed,200,29,48.03466796875,1
