seed,failure_rate,call_number,success,attempts,latency_ms,error
262837,0.0,1,True,1,1.706,
262837,0.0,2,True,1,1.778,
262837,0.0,3,True,1,1.632,
262837,0.0,4,True,1,1.499,
262837,0.0,5,True,1,1.458,
262837,0.0,6,True,1,1.504,
262837,0.0,7,True,1,1.698,
262837,0.0,8,True,1,2.054,
262837,0.0,9,True,1,1.791,
262837,0.0,10,True,1,1.884,
262837,0.0,11,True,1,1.911,
262837,0.0,12,True,1,2.253,
262837,0.0,13,True,1,1.509,
262837,0.0,14,True,1,1.485,
262837,0.0,15,True,1,1.74,
262837,0.0,16,True,1,1.553,
262837,0.0,17,True,1,1.86,
262837,0.0,18,True,1,1.679,
262837,0.0,19,True,1,1.619,
262837,0.0,20,True,1,1.686,
262837,0.0,21,True,1,1.431,
262837,0.0,22,True,1,1.345,
262837,0.0,23,True,1,1.704,
262837,0.0,24,True,1,1.614,
262837,0.0,25,True,1,1.863,
262837,0.0,26,True,1,1.588,
262837,0.0,27,True,1,1.769,
262837,0.0,28,True,1,1.781,
262837,0.0,29,True,1,1.702,
262837,0.0,30,True,1,1.763,
262837,0.0,31,True,1,1.44,
262837,0.0,32,True,1,1.36,
262837,0.0,33,True,1,1.917,
262837,0.0,34,True,1,1.296,
262837,0.0,35,True,1,1.865,
262837,0.0,36,True,1,1.41,
262837,0.0,37,True,1,1.601,
262837,0.0,38,True,1,1.578,
262837,0.0,39,True,1,1.811,
262837,0.0,40,True,1,2.075,
262837,0.0,41,True,1,2.013,
262837,0.0,42,True,1,1.708,
262837,0.0,43,True,1,2.231,
262837,0.0,44,True,1,2.22,
262837,0.0,45,True,1,2.04,
262837,0.0,46,True,1,1.757,
262837,0.0,47,True,1,2.11,
262837,0.0,48,True,1,1.967,
262837,0.0,49,True,1,2.005,
262837,0.0,50,True,1,1.889,
262837,0.2,1,True,1,2.166,
262837,0.2,2,True,3,17.338,
262837,0.2,3,True,1,1.477,
262837,0.2,4,True,1,1.551,
262837,0.2,5,True,1,1.647,
262837,0.2,6,True,1,1.811,
262837,0.2,7,True,1,1.636,
262837,0.2,8,True,3,18.059,
262837,0.2,9,True,2,7.23,
262837,0.2,10,True,1,1.692,
262837,0.2,11,True,1,2.197,
262837,0.2,12,True,1,1.675,
262837,0.2,13,True,1,2.04,
262837,0.2,14,True,1,2.241,
262837,0.2,15,True,1,2.289,
262837,0.2,16,True,1,2.087,
262837,0.2,17,True,1,1.937,
262837,0.2,18,True,1,1.95,
262837,0.2,19,True,1,1.937,
262837,0.2,20,True,1,1.905,
262837,0.2,21,True,1,1.998,
262837,0.2,22,True,2,7.445,
262837,0.2,23,True,1,1.943,
262837,0.2,24,True,2,7.41,
262837,0.2,25,True,1,1.624,
262837,0.2,26,True,1,1.942,
262837,0.2,27,True,2,7.553,
262837,0.2,28,True,1,2.135,
262837,0.2,29,True,1,2.023,
262837,0.2,30,True,1,2.141,
262837,0.2,31,True,1,2.003,
262837,0.2,32,True,1,2.571,
262837,0.2,33,True,1,1.86,
262837,0.2,34,True,1,1.749,
262837,0.2,35,True,1,1.947,
262837,0.2,36,True,1,2.205,
262837,0.2,37,True,1,2.125,
262837,0.2,38,True,2,7.243,
262837,0.2,39,True,2,8.039,
262837,0.2,40,True,1,2.351,
262837,0.2,41,True,2,7.837,
262837,0.2,42,True,1,2.2,
262837,0.2,43,True,1,2.356,
262837,0.2,44,False,3,16.276,injected transient failure
262837,0.2,45,True,1,2.961,
262837,0.2,46,True,1,2.827,
262837,0.2,47,True,1,2.818,
262837,0.2,48,True,1,2.619,
262837,0.2,49,True,1,2.931,
262837,0.2,50,True,2,8.871,
262837,0.5,1,False,3,16.022,injected transient failure
262837,0.5,2,True,1,2.658,
262837,0.5,3,True,1,1.958,
262837,0.5,4,True,2,7.033,
262837,0.5,5,True,1,1.812,
262837,0.5,6,True,1,1.841,
262837,0.5,7,True,3,18.795,
262837,0.5,8,True,2,7.492,
262837,0.5,9,True,1,1.644,
262837,0.5,10,True,1,1.968,
262837,0.5,11,True,1,2.271,
262837,0.5,12,True,1,2.073,
262837,0.5,13,True,2,7.463,
262837,0.5,14,True,1,2.324,
262837,0.5,15,True,1,1.744,
262837,0.5,16,True,1,2.276,
262837,0.5,17,True,1,2.035,
262837,0.5,18,True,1,1.903,
262837,0.5,19,True,1,1.995,
262837,0.5,20,True,3,18.776,
262837,0.5,21,True,2,8.38,
262837,0.5,22,True,2,8.234,
262837,0.5,23,True,2,8.502,
262837,0.5,24,True,1,2.887,
262837,0.5,25,True,1,2.646,
262837,0.5,26,True,1,2.472,
262837,0.5,27,True,1,2.57,
262837,0.5,28,True,2,7.95,
262837,0.5,29,True,1,2.354,
262837,0.5,30,True,1,2.78,
262837,0.5,31,True,1,2.537,
262837,0.5,32,True,1,2.795,
262837,0.5,33,True,2,8.28,
262837,0.5,34,True,2,8.551,
262837,0.5,35,True,1,2.486,
262837,0.5,36,True,2,8.237,
262837,0.5,37,True,2,8.174,
262837,0.5,38,False,3,16.708,injected transient failure
262837,0.5,39,True,1,2.521,
262837,0.5,40,True,1,2.759,
262837,0.5,41,False,3,16.468,injected transient failure
262837,0.5,42,True,2,9.125,
262837,0.5,43,True,1,2.403,
262837,0.5,44,True,3,17.931,
262837,0.5,45,False,3,15.827,injected transient failure
262837,0.5,46,True,1,1.623,
262837,0.5,47,True,1,1.715,
262837,0.5,48,True,2,6.776,
262837,0.5,49,True,1,1.685,
262837,0.5,50,True,1,1.485,
